name,price,url
Подвесной светильник Сансет Black,6890,https://www.divan.ru/stavropol/product/podvesnoj-svetilnik-sanset-black
Торшер Билли Black,22 650,https://www.divan.ru/stavropol/product/torsher-billi-black
Подвесной светильник Бабл-9,22 990,https://www.divan.ru/stavropol/product/podvesnoj-svetilnik-babl-9
Торшер Бабл-1,8040,https://www.divan.ru/stavropol/product/torsher-babl-1
Подвесной светильник Бабл-3,8040,https://www.divan.ru/stavropol/product/podvesnoj-svetilnik-babl-3
Бра Бабл Black,2290,https://www.divan.ru/stavropol/product/bra-babl-black
Настольная лампа Дэнди Black,4590,https://www.divan.ru/stavropol/product/nastolnaya-lampa-dendi-black
Настольная лампа Дэнди White,4590,https://www.divan.ru/stavropol/product/nastolnaya-lampa-dendi-white
Торшер Варио White,6890,https://www.divan.ru/stavropol/product/torsher-vario-white
Бра Варио Black,1720,https://www.divan.ru/stavropol/product/bra-vario-black
Бра Варио White,1720,https://www.divan.ru/stavropol/product/bra-vario-white
Подвесной светильник Сансет White,6890,https://www.divan.ru/stavropol/product/podvesnoj-svetilnik-sanset-white
Подвесной светильник Кэндел Black,4590,https://www.divan.ru/stavropol/product/podvesnoj-svetilnik-kendel-black
Подвесной светильник Кэндел White,4590,https://www.divan.ru/stavropol/product/podvesnoj-svetilnik-kendel-white
Торшер Вена Black,13 790,https://www.divan.ru/stavropol/product/torsher-vena-black
Настольная лампа Гровер Glass,6890,https://www.divan.ru/stavropol/product/nastolnaya-lampa-grover-glass
Настольная лампа Спайк Green,1140,https://www.divan.ru/stavropol/product/nastolnaya-lampa-spajk-green
Настольная лампа Рэй Black,4130,https://www.divan.ru/stavropol/product/nastolnaya-lampa-rej-black
Торшер Рэй White,6430,https://www.divan.ru/stavropol/product/torsher-rej-white
Торшер Мун Black,10 340,https://www.divan.ru/stavropol/product/torsher-mun-black
Торшер Варио Black,6890,https://www.divan.ru/stavropol/product/torsher-vario-black
Настольная лампа Раффи Round,8270,https://www.divan.ru/stavropol/product/nastolnaya-lampa-raffi-round
Торшер Гросс White,9190,https://www.divan.ru/stavropol/product/torsher-gross-white
Бра Moderli Alina,3670,https://www.divan.ru/stavropol/product/bra-moderli-alina
Подвесной светильник Маро Green,11 490,https://www.divan.ru/stavropol/product/podvesnoj-svetilnik-maro-green
Настольная лампа Машрум Grey,5280,https://www.divan.ru/stavropol/product/nastolnaya-lampa-mashrum-grey
Настольная лампа Рэй White,4130,https://www.divan.ru/stavropol/product/nastolnaya-lampa-rej-white
Светильник потолочный Matthew,6550,https://www.divan.ru/stavropol/product/svetilnik-potolochnyj-matthew
Спот Лайт-1 Black,3100,https://www.divan.ru/stavropol/product/spot-lajt-1-black
Настольная лампа Сфера Black,6200,https://www.divan.ru/stavropol/product/nastolnaya-lampa-sfera-black
Люстра Монти-3 White,13 220,https://www.divan.ru/stavropol/product/lyustra-monti-3-white
Бра Galdakao-1,7580,https://www.divan.ru/stavropol/product/bra-galdakao
Подвесной светильник Tureis,4480,https://www.divan.ru/stavropol/product/podvesnoj-svetilnik-tureis
Люстра Монти-5 White,19 770,https://www.divan.ru/stavropol/product/lyustra-monti-5-white
Подвесной светильник Лиму-3 Black,6430,https://www.divan.ru/stavropol/product/podvesnoj-svetilnik-limu-3-black
Торшер Билли White,22 650,https://www.divan.ru/stavropol/product/torsher-billi-white
Бра Cornus Silver,6430,https://www.divan.ru/stavropol/product/bra-cornus-silver
Спот Олден Brown,1260,https://www.divan.ru/stavropol/product/spot-olden-brown
Бра Куб White,2520,https://www.divan.ru/stavropol/product/bra-kub-white
Ландшафтный светильник Визор Black,5170,https://www.divan.ru/stavropol/product/landshaftnyj-svetilnik-vizor-black
Бра Bolla-Unica,6090,https://www.divan.ru/stavropol/product/bra-bolla-unica
Люстра Леон-5 Black,12 990,https://www.divan.ru/stavropol/product/lyustra-leon-5-black
Настольная лампа Мист Black,6430,https://www.divan.ru/stavropol/product/nastolnaya-lampa-mist-black
Настольная лампа Palla Grey,15 630,https://www.divan.ru/stavropol/product/nastolnaya-lampa-palla-grey
Подвесной светильник Фаро-3 White,7470,https://www.divan.ru/stavropol/product/podvesnoj-svetilnik-faro-3-white
Люстра Нейва-4 Black,7810,https://www.divan.ru/stavropol/product/lyustra-nejva-4-black
Люстра Альби-6 Black,5400,https://www.divan.ru/stavropol/product/lyustra-albi-6-black
Бра Лима Black,2750,https://www.divan.ru/stavropol/product/bra-lima-black
